timeStamp,elapsed,responseCode,success,grpThreads,allThreads,Latency
1767621891693,79,200,true,5,5,75
1767621891693,80,200,true,5,5,80
1767621891693,106,200,true,5,5,106
1767621891693,142,200,true,5,5,142
1767621891693,146,200,true,5,5,145
1767621891775,97,200,true,5,5,97
1767621891775,111,200,true,5,5,111
1767621891800,107,200,true,5,5,107
1767621891836,98,200,true,5,5,98
1767621891886,89,200,true,5,5,89
1767621891873,108,200,true,5,5,108
1767621891840,149,200,true,5,5,149
1767621891907,133,200,true,5,5,133
1767621891935,115,200,true,5,5,115
1767621891976,86,200,true,5,5,86
1767621891981,107,200,true,5,5,107
1767621891990,105,200,true,5,5,105
1767621892041,91,200,true,5,5,91
1767621892051,92,200,true,5,5,92
1767621892063,112,200,true,5,5,112
1767621892095,96,200,true,5,5,96
1767621892088,119,200,true,5,5,119
1767621892133,90,200,true,5,5,90
1767621892191,67,200,true,5,5,67
1767621892144,142,200,true,5,5,142
1767621892176,119,200,true,5,5,118
1767621892208,121,200,true,5,5,121
1767621892223,110,200,true,5,5,110
1767621892287,69,200,true,5,5,69
1767621892295,108,200,true,5,5,108
1767621892330,86,200,true,5,5,86
1767621892258,165,200,true,5,5,165
1767621892333,109,200,true,5,5,109
1767621892417,60,200,true,5,5,60
1767621892404,97,200,true,5,5,97
1767621892357,159,200,true,5,5,159
1767621892423,123,200,true,5,5,123
1767621892478,91,200,true,5,5,91
1767621892501,99,200,true,5,5,99
1767621892443,167,200,true,5,5,167
1767621892516,102,200,true,5,5,102
1767621892569,86,200,true,5,5,86
1767621892547,116,200,true,5,5,116
1767621892601,85,200,true,5,5,85
1767621892611,102,200,true,5,5,102
1767621892655,90,200,true,5,5,90
1767621892619,142,200,true,5,5,141
1767621892663,108,200,true,5,5,108
1767621892687,100,200,true,5,5,100
1767621892714,97,200,true,5,5,97
1767621892745,96,200,true,5,5,96
1767621892761,96,200,true,5,5,96
1767621892788,111,200,true,5,5,111
1767621892812,93,200,true,5,5,93
1767621892771,147,200,true,5,5,147
1767621892900,44,200,true,5,5,43
1767621892858,137,200,true,5,5,136
1767621892905,93,200,true,5,5,93
1767621892842,166,200,true,5,5,166
1767621892918,120,200,true,5,5,120
1767621892995,79,200,true,5,5,79
1767621892944,136,200,true,5,5,136
1767621892999,98,200,true,5,5,98
1767621893009,109,200,true,5,5,109
1767621893074,75,200,true,5,5,75
1767621893038,118,200,true,5,5,118
1767621893081,108,200,true,5,5,108
1767621893118,98,200,true,5,5,98
1767621893149,91,200,true,5,5,91
1767621893097,153,200,true,5,5,152
1767621893156,121,200,true,5,5,120
1767621893190,111,200,true,5,5,111
1767621893240,86,200,true,5,5,86
1767621893216,132,200,true,5,5,132
1767621893277,104,200,true,5,5,104
1767621893301,88,200,true,5,5,88
1767621893250,152,200,true,5,5,152
1767621893348,75,200,true,5,5,75
1767621893382,67,200,true,5,5,67
1767621893327,138,200,true,5,5,138
1767621893403,87,200,true,5,5,87
1767621893389,122,200,true,5,5,122
1767621893423,120,200,true,5,5,120
1767621893449,112,200,true,5,5,112
1767621893490,92,200,true,5,5,91
1767621893465,137,200,true,5,5,137
1767621893512,107,200,true,5,5,106
1767621893544,117,200,true,5,5,117
1767621893582,90,200,true,5,5,90
1767621893562,132,200,true,5,5,131
1767621893602,107,200,true,5,5,107
1767621893661,86,200,true,5,5,86
1767621893672,94,200,true,5,5,94
1767621893619,153,200,true,5,5,153
1767621893766,53,200,true,5,5,53
1767621893747,84,200,true,5,5,84
1767621893709,146,200,true,5,5,146
1767621893694,165,200,true,5,5,165
1767621893772,118,200,true,5,5,117
1767621893820,110,200,true,5,5,109
1767621893831,106,200,true,5,5,106
1767621893855,100,200,true,5,5,100
1767621893890,95,200,true,5,5,95
1767621893860,131,200,true,5,5,131
1767621893930,87,200,true,5,5,87
1767621893937,114,200,true,5,5,114
1767621893986,71,200,true,5,5,71
1767621893955,118,200,true,5,5,118
1767621893992,102,200,true,5,5,102
1767621894058,78,200,true,5,5,78
1767621894051,96,200,true,5,5,96
1767621894073,103,200,true,5,5,103
1767621894018,175,200,true,5,5,175
1767621894095,123,200,true,5,5,123
1767621894136,129,200,true,5,5,129
1767621894176,91,200,true,5,5,91
1767621894148,124,200,true,5,5,124
1767621894194,93,200,true,5,5,93
1767621894218,106,200,true,5,5,105
1767621894265,64,200,true,5,5,64
1767621894267,85,200,true,5,5,85
1767621894273,116,200,true,5,5,116
1767621894324,81,200,true,5,5,81
1767621894330,94,200,true,5,5,94
1767621894287,173,200,true,5,5,173
1767621894389,93,200,true,5,5,93
1767621894352,136,200,true,5,5,136
1767621894406,98,200,true,5,5,98
1767621894424,101,200,true,5,5,101
1767621894483,82,200,true,5,5,82
1767621894461,123,200,true,5,5,122
1767621894489,133,200,true,5,5,133
1767621894565,67,200,true,5,5,67
1767621894505,137,200,true,5,5,137
1767621894526,131,200,true,5,5,131
1767621894632,62,200,true,5,5,61
1767621894658,82,200,true,5,5,82
1767621894643,105,200,true,5,5,105
1767621894623,126,200,true,5,5,126
1767621894584,194,200,true,5,5,194
1767621894749,46,200,true,5,5,46
1767621894740,85,200,true,5,5,85
1767621894694,143,200,true,5,5,143
1767621894779,91,200,true,5,5,91
1767621894796,107,200,true,5,5,107
1767621894749,156,200,true,5,5,156
1767621894826,93,200,true,5,5,93
1767621894837,123,200,true,5,5,123
1767621894870,106,200,true,5,5,105
1767621894906,89,200,true,5,5,89
1767621894903,118,200,true,5,5,118
1767621894919,132,200,true,5,5,132
1767621894960,113,200,true,5,5,113
1767621894976,118,200,true,5,5,118
1767621894996,102,200,true,5,5,102
1767621895052,77,200,true,5,5,77
1767621895022,116,200,true,5,5,116
1767621895094,76,200,true,5,5,76
1767621895073,107,200,true,5,5,107
1767621895098,115,200,true,5,5,115
1767621895130,110,200,true,5,5,110
1767621895138,127,200,true,5,5,127
1767621895170,122,200,true,5,5,122
1767621895181,122,200,true,5,5,122
1767621895240,90,200,true,5,5,90
1767621895214,130,200,true,5,5,130
1767621895265,106,200,true,5,5,106
1767621895293,88,200,true,5,5,88
1767621895330,82,200,true,5,5,82
1767621895304,136,200,true,5,5,136
1767621895371,80,200,true,5,5,80
1767621895344,120,200,true,5,5,119
1767621895381,107,200,true,5,5,107
1767621895412,99,200,true,5,5,99
1767621895452,83,200,true,5,5,83
1767621895464,103,200,true,5,5,103
1767621895512,89,200,true,5,5,89
1767621895440,172,200,true,5,5,172
1767621895489,127,200,true,5,5,127
1767621895567,77,200,true,5,5,77
1767621895536,137,200,true,5,5,137
1767621895602,80,200,true,5,5,80
1767621895613,104,200,true,5,5,104
1767621895645,99,200,true,5,5,99
1767621895673,79,200,true,5,5,79
1767621895616,157,200,true,5,5,157
1767621895683,115,200,true,5,5,114
1767621895717,97,200,true,5,5,97
1767621895744,108,200,true,5,5,108
1767621895798,82,200,true,5,5,82
1767621895773,124,200,true,5,5,124
1767621895752,153,200,true,5,5,153
1767621895815,105,200,true,5,5,105
1767621895898,57,200,true,5,5,57
1767621895852,121,200,true,5,5,121
1767621895880,108,200,true,5,5,108
1767621895905,114,200,true,5,5,114
1767621895920,121,200,true,5,5,121
1767621895956,110,200,true,5,5,110
1767621895974,95,200,true,5,5,95
1767621896019,84,200,true,5,5,84
1767621895988,130,200,true,5,5,130
1767621896041,112,200,true,5,5,111
1767621896066,90,200,true,5,5,90
1767621896118,95,200,true,5,5,94
1767621896070,163,200,true,5,5,162
1767621896153,89,200,true,5,5,89
1767621896104,152,200,true,5,5,152
1767621896157,106,200,true,5,5,106
1767621896213,89,200,true,5,5,89
1767621896242,70,200,true,5,5,70
1767621896233,116,200,true,5,5,116
1767621896264,92,200,true,5,5,92
1767621896256,115,200,true,5,5,115
1767621896302,100,200,true,5,5,100
1767621896312,97,200,true,5,5,97
1767621896349,89,200,true,5,5,89
1767621896372,97,200,true,5,5,97
1767621896357,134,200,true,5,5,133
1767621896402,106,200,true,5,5,106
1767621896409,116,200,true,5,5,116
1767621896438,99,200,true,5,5,99
1767621896491,67,200,true,5,5,67
1767621896508,83,200,true,5,5,83
1767621896469,149,200,true,5,5,149
1767621896526,113,200,true,5,5,113
1767621896537,111,200,true,5,5,111
1767621896558,122,200,true,5,5,122
1767621896592,99,200,true,5,5,99
1767621896619,114,200,true,5,5,114
1767621896639,98,200,true,5,5,98
1767621896732,62,200,true,5,5,62
1767621896680,120,200,true,5,5,120
1767621896690,131,200,true,5,5,131
1767621896648,181,200,true,5,5,181
1767621896795,67,200,true,5,5,67
1767621896737,132,200,true,5,5,132
1767621896800,95,200,true,5,5,95
1767621896822,100,200,true,5,5,100
1767621896862,81,200,true,5,5,81
1767621896828,129,200,true,5,5,129
1767621896923,88,200,true,5,5,88
1767621896895,126,200,true,5,5,126
1767621896869,160,200,true,5,5,160
1767621896943,94,200,true,5,5,94
1767621897012,87,200,true,5,5,87
1767621897029,85,200,true,5,5,85
1767621896958,157,200,true,5,5,157
1767621897022,113,200,true,5,5,113
1767621897037,118,200,true,5,5,117
1767621897099,74,200,true,5,5,74
1767621897115,86,200,true,5,5,86
1767621897135,81,200,true,5,5,81
1767621897155,92,200,true,5,5,92
1767621897116,142,200,true,5,5,142
1767621897174,113,200,true,5,5,113
1767621897216,102,200,true,5,5,102
1767621897201,133,200,true,5,5,133
1767621897248,113,200,true,5,5,113
1767621897287,96,200,true,5,5,96
1767621897258,132,200,true,5,5,132
1767621897319,100,200,true,5,5,100
1767621897335,110,200,true,5,5,110
1767621897361,99,200,true,5,5,99
1767621897383,102,200,true,5,5,102
1767621897420,107,200,true,5,5,107
1767621897446,99,200,true,5,5,99
1767621897391,161,200,true,5,5,161
1767621897461,107,200,true,5,5,107
1767621897486,115,200,true,5,5,115
1767621897545,73,200,true,5,5,73
1767621897528,111,200,true,5,5,111
1767621897552,98,200,true,5,5,98
1767621897601,97,200,true,5,5,96
1767621897618,93,200,true,5,5,93
1767621897640,115,200,true,5,5,115
1767621897569,191,200,true,5,5,191
1767621897651,113,200,true,5,5,113
1767621897698,84,200,true,5,5,83
1767621897711,118,200,true,5,5,118
1767621897760,79,200,true,5,5,79
1767621897756,99,200,true,5,5,99
1767621897765,108,200,true,5,5,108
1767621897782,107,200,true,5,5,107
1767621897839,86,200,true,5,5,86
1767621897829,105,200,true,5,5,105
1767621897874,90,200,true,5,5,90
1767621897855,135,200,true,5,5,135
1767621897889,119,200,true,5,5,119
1767621897925,99,200,true,5,5,99
1767621897934,106,200,true,5,5,106
1767621897964,96,200,true,5,5,96
1767621898024,100,200,true,5,5,100
1767621897991,136,200,true,5,5,136
1767621898008,124,200,true,5,5,124
1767621898040,128,200,true,5,5,128
1767621898124,59,200,true,5,5,59
1767621898060,143,200,true,5,5,143
1767621898128,89,200,true,5,5,89
1767621898168,73,200,true,5,5,72
1767621898132,130,200,true,5,5,130
1767621898183,95,200,true,5,5,95
1767621898203,127,200,true,5,5,127
1767621898217,114,200,true,5,5,114
1767621898262,105,200,true,5,5,105
1767621898241,126,200,true,5,5,126
1767621898330,85,200,true,5,5,85
1767621898278,138,200,true,5,5,138
1767621898367,86,200,true,5,5,86
1767621898331,132,200,true,5,5,132
1767621898415,87,200,true,5,5,87
1767621898367,144,200,true,5,5,144
1767621898416,120,200,true,5,5,120
1767621898454,114,200,true,5,5,114
1767621898464,107,200,true,5,5,107
1767621898569,57,200,true,5,5,57
1767621898502,139,200,true,5,5,139
1767621898512,134,200,true,5,5,134
1767621898536,139,200,true,5,5,139
1767621898571,112,200,true,5,5,111
1767621898626,82,200,true,5,5,82
1767621898641,93,200,true,5,5,93
1767621898676,85,200,true,5,5,84
1767621898646,121,200,true,5,5,121
1767621898709,107,200,true,5,5,107
1767621898683,145,200,true,5,5,145
1767621898734,111,200,true,5,5,111
1767621898761,94,200,true,5,5,94
1767621898816,77,200,true,5,5,77
1767621898767,132,200,true,5,5,132
1767621898828,119,200,true,5,5,119
1767621898856,111,200,true,5,5,111
1767621898894,98,200,true,5,5,98
1767621898846,157,200,true,5,5,157
1767621898899,111,200,true,5,5,111
1767621898948,86,200,true,5,5,86
1767621898992,73,200,true,5,5,73
1767621899003,82,200,true,5,5,82
1767621898967,141,200,true,5,5,141
1767621899010,124,200,true,5,5,124
1767621899065,86,200,true,5,5,86
1767621899034,144,200,true,5,5,144
1767621899086,98,200,true,5,5,98
1767621899134,81,200,true,5,5,80
1767621899108,118,200,true,5,5,118
1767621899178,94,200,true,5,5,94
1767621899152,140,200,true,5,5,140
1767621899184,115,200,true,5,5,115
1767621899215,97,200,true,5,5,97
1767621899272,82,200,true,5,5,82
1767621899292,69,200,true,5,5,69
1767621899226,157,200,true,5,5,157
1767621899299,126,200,true,5,5,126
1767621899354,88,200,true,5,5,88
1767621899313,136,200,true,5,5,136
1767621899361,115,200,true,5,5,115
1767621899426,66,200,true,5,5,66
1767621899384,125,200,true,5,5,125
1767621899442,108,200,true,5,5,108
1767621899449,115,200,true,5,5,115
1767621899476,100,200,true,5,5,100
1767621899492,106,200,true,5,5,106
1767621899550,83,200,true,5,5,83
1767621899509,141,200,true,5,5,141
1767621899577,97,200,true,5,5,97
1767621899564,139,200,true,5,5,138
1767621899598,117,200,true,5,5,117
1767621899650,95,200,true,5,5,95
1767621899633,138,200,true,5,5,138
1767621899675,111,200,true,5,5,111
1767621899703,101,200,true,5,5,101
1767621899745,91,200,true,5,5,91
1767621899771,93,200,true,5,5,93
1767621899787,87,200,true,5,5,86
1767621899715,167,200,true,5,5,167
1767621899804,111,200,true,5,5,111
1767621899837,85,200,true,5,5,85
1767621899864,104,200,true,5,5,104
1767621899874,113,200,true,5,5,113
1767621899882,112,200,true,5,5,112
1767621899915,96,200,true,5,5,96
1767621899922,117,200,true,5,5,117
1767621899968,89,200,true,5,5,88
1767621899987,91,200,true,5,5,91
1767621900013,107,200,true,5,5,107
1767621899994,132,200,true,5,5,132
1767621900040,98,200,true,5,5,98
1767621900057,102,200,true,5,5,102
1767621900078,117,200,true,5,5,117
1767621900126,76,200,true,5,5,76
1767621900138,102,200,true,5,5,102
1767621900120,156,200,true,5,5,156
1767621900196,85,200,true,5,5,85
1767621900159,130,200,true,5,5,130
1767621900202,135,200,true,5,5,134
1767621900240,105,200,true,5,5,105
1767621900276,98,200,true,5,5,98
1767621900281,101,200,true,5,5,101
1767621900289,109,200,true,5,5,109
1767621900345,91,200,true,5,5,91
1767621900337,126,200,true,5,5,126
1767621900374,100,200,true,5,5,100
1767621900436,83,200,true,5,5,83
1767621900399,121,200,true,5,5,121
1767621900382,152,200,true,5,5,152
1767621900521,61,200,true,5,5,61
1767621900463,140,200,true,5,5,140
1767621900519,102,200,true,5,5,102
1767621900474,150,200,true,5,5,150
1767621900534,125,200,true,5,5,125
1767621900582,109,200,true,5,5,108
1767621900603,90,200,true,5,5,90
1767621900621,107,200,true,5,5,106
1767621900624,109,200,true,5,5,109
1767621900659,109,200,true,5,5,109
1767621900691,83,200,true,5,5,83
1767621900693,103,200,true,5,5,103
1767621900728,89,200,true,5,5,89
1767621900734,121,200,true,5,5,121
1767621900775,119,200,true,5,5,119
1767621900769,130,200,true,5,5,130
1767621900818,109,200,true,5,5,109
1767621900797,135,200,true,5,5,135
1767621900856,109,200,true,5,5,109
1767621900895,79,200,true,5,5,79
1767621900900,110,200,true,5,5,110
1767621900966,88,200,true,5,5,88
1767621900927,131,200,true,5,5,131
1767621900932,131,200,true,5,5,131
1767621900975,114,200,true,5,5,114
1767621901058,51,200,true,5,5,51
1767621901055,89,200,true,5,5,89
1767621901011,141,200,true,5,5,141
1767621901090,104,200,true,5,5,104
1767621901063,135,200,true,5,5,135
1767621901109,120,200,true,5,5,120
1767621901194,66,200,true,5,5,66
1767621901144,122,200,true,5,5,122
1767621901152,132,200,true,5,5,132
1767621901266,64,200,true,5,5,64
1767621901198,148,200,true,5,5,148
1767621901229,140,200,true,5,5,140
1767621901260,113,200,true,5,5,113
1767621901330,80,200,true,5,5,80
1767621901284,154,200,true,5,5,154
1767621901370,86,200,true,5,5,85
1767621901346,114,200,true,5,5,113
1767621901410,90,200,true,5,5,90
1767621901373,131,200,true,5,5,131
1767621901438,102,200,true,5,5,102
1767621901456,109,200,true,5,5,109
1767621901500,74,200,true,5,5,74
1767621901540,70,200,true,5,5,69
1767621901460,164,200,true,4,4,164
1767621901504,135,200,true,3,3,135
1767621901565,89,200,true,2,2,89
1767621901574,98,200,true,1,1,98
